id,T,U,obs.D0,obs.D1,obs.D2,Q1,Q2,SC1.D0,SC1.D1,SC1.D2,SC2.D0,SC2.D1,SC2.D2,SC3.D0,SC3.D1,SC3.D2,SC4.D0,SC4.D1,SC4.D2,SC5.D0,SC5.D1,SC5.D2,SC6.D0,SC6.D1,SC6.D2,SC7.D0,SC7.D1,SC7.D2
0_0,37,51,12,8.357,6.267,2,4,1.378,1.378,1.378,4.159,3.82,3.457,6.404,5.442,4.618,9.16,6.993,5.55,10.604,7.677,5.913,11.582,8.136,6.15,12,8.357,6.267
0_22,15,19,4,3.046,2.674,1,1,1.267,1.267,1.267,1.981,1.872,1.764,2.404,2.203,2.03,3.051,2.648,2.39,3.457,2.847,2.54,3.771,2.967,2.622,4.058,3.066,2.687
0_3,21,27,14,11.567,9.468,7,4,1.286,1.286,1.286,3.517,3.405,3.254,5.391,5.078,4.691,8.395,7.553,6.647,10.715,9.298,7.917,12.546,10.586,8.808,14.315,11.775,9.606
0_7,7,8,6,5.657,5.333,4,2,1.143,1.143,1.143,1.143,1.143,1.143,2.19,2.157,2.11,3.143,3.055,2.939,4,3.844,3.657,4.762,4.535,4.286,6,5.657,5.333
0_8,14,21,9,6.745,5.313,5,1,1.5,1.5,1.5,2.659,2.563,2.445,3.588,3.355,3.094,5.609,4.875,4.214,7.072,5.785,4.793,7.893,6.226,5.044,9.346,6.891,5.383
1_0,10,20,7,5.663,4.762,2,2,2,2,2,2,2,2,3.289,3.126,2.951,4.895,4.346,3.871,5.895,5,4.32,6.556,5.399,4.586,7,5.663,4.762
1_22,15,16,4,3.199,2.844,1,1,1.067,1.067,1.067,1.781,1.697,1.604,2.264,2.091,1.927,3.035,2.675,2.413,3.457,2.938,2.635,3.771,3.095,2.762,4,3.199,2.844
1_23,19,41,12,7.603,5.405,5,3,2.158,2.158,2.158,3.526,3.349,3.16,5.396,4.715,4.115,7.928,6.099,4.848,9.752,6.853,5.154,11.157,7.339,5.322,12.247,7.678,5.428
1_9,7,9,4,3.37,3,2,0,1.286,1.286,1.286,1.286,1.286,1.286,2.143,2.041,1.929,2.714,2.509,2.314,3.714,3.221,2.893,3.429,3.044,2.755,4,3.37,3
10_17,59,111,25,17.861,14.512,9,2,1.881,1.881,1.881,9.584,8.716,7.803,13.891,11.966,10.295,18.548,15.005,12.538,21.475,16.545,13.64,23.582,17.397,14.216,25.151,17.906,14.54
10_18,234,499,40,13.793,7.372,9,8,2.132,2.132,2.132,17.18,10.397,6.775,23.529,11.88,7.097,31.074,12.975,7.271,35.51,13.422,7.329,38.615,13.684,7.36,39.962,13.79,7.372
11_16,41,68,11,7.882,6.404,2,2,1.659,1.659,1.659,5.348,4.766,4.227,7.111,5.975,5.106,9.038,7.071,5.868,9.967,7.492,6.151,10.604,7.738,6.311,11,7.882,6.404
11_17,60,82,15,10.168,8.062,5,0,1.367,1.367,1.367,6.317,5.619,4.95,8.785,7.329,6.201,11.43,8.825,7.223,13.05,9.551,7.693,14.245,9.966,7.946,15.083,10.188,8.073
11_6,6,6,3,2.381,2,2,0,2.333,2.046,1.818,2.333,2.046,1.818,2.333,2.046,1.818,2.333,2.046,1.818,2.667,2.226,1.923,2.667,2.226,1.923,3,2.381,2
12_15,12,15,9,7.585,6.429,6,1,1.25,1.25,1.25,2.348,2.299,2.23,3.318,3.187,3.018,4.952,4.603,4.209,6.293,5.685,5.066,7.45,6.549,5.712,9,7.585,6.429
12_16,24,33,8,6.535,5.585,1,2,1.375,1.375,1.375,3.321,3.118,2.891,4.603,4.145,3.709,6.413,5.445,4.707,7.307,6.04,5.172,7.788,6.368,5.44,8,6.535,5.585
13_15,22,36,14,10.67,8.757,7,2,1.636,1.636,1.636,4.225,4.028,3.787,6.157,5.664,5.137,8.862,7.729,6.74,11.183,9.238,7.83,12.675,10.049,8.371,14.31,10.803,8.836
13_16,23,56,16,11.99,9.987,6,2,2.435,2.435,2.435,5.903,5.547,5.148,8.199,7.394,6.625,11.573,9.773,8.44,13.266,10.759,9.157,14.905,11.547,9.699,16,11.99,9.987
13_17,42,65,19,13.812,10.861,8,1,1.548,1.548,1.548,6.153,5.714,5.206,9.213,8.13,7.061,13.413,11.009,9.083,15.687,12.338,9.961,17.638,13.281,10.551,19,13.812,10.861
13_18,9,9,4,3.709,3.522,1,1,1,1,1,1,1,1,1.806,1.748,1.674,2.929,2.725,2.526,3.294,3.039,2.812,3.56,3.275,3.042,4,3.709,3.522
14_11,72,95,15,5.547,2.98,6,2,1.319,1.319,1.319,4.832,3.453,2.61,7.091,4.177,2.792,10.426,4.915,2.911,12.474,5.243,2.95,14.034,5.442,2.97,15,5.547,2.98
14_12,13,16,4,2.588,1.969,1,2,1.231,1.231,1.231,1.731,1.631,1.544,2.077,1.855,1.688,2.667,2.136,1.823,3.359,2.382,1.91,3.692,2.486,1.94,4,2.588,1.969
14_15,75,130,18,7.86,5.036,8,1,1.733,1.733,1.733,6.96,5.352,4.236,9.125,6.223,4.599,12.433,7.079,4.867,14.715,7.467,4.96,16.799,7.735,5.014,18.212,7.88,5.039
14_16,162,274,23,9.281,5.268,7,2,1.691,1.691,1.691,10.476,6.877,4.737,14.297,7.995,5.028,17.982,8.732,5.178,20.117,9.021,5.228,22.105,9.213,5.258,23.214,9.297,5.27
14_17,82,192,18,9.228,7.18,5,3,2.341,2.341,2.341,8.391,6.909,5.949,10.605,7.843,6.542,13.753,8.628,6.943,15.7,8.947,7.076,17.206,9.14,7.149,18,9.228,7.18
14_18,16,22,11,7.838,5.5,7,2,1.375,1.375,1.375,2.475,2.394,2.292,4.219,3.85,3.438,6.312,5.323,4.375,8.089,6.378,4.911,9.636,7.189,5.257,11,7.838,5.5
15_10,8,13,5,4.475,4.122,1,2,1.625,1.625,1.625,1.625,1.625,1.625,2.75,2.626,2.485,3.518,3.264,3.018,4.411,3.981,3.642,4.679,4.195,3.841,5,4.475,4.122
15_11,24,33,8,4.593,3.372,4,1,1.375,1.375,1.375,2.816,2.568,2.338,3.661,3.128,2.719,5.156,3.828,3.098,6.328,4.202,3.248,7.31,4.447,3.329,8,4.593,3.372
15_13,9,10,8,7.579,7.143,6,2,1.111,1.111,1.111,1.111,1.111,1.111,2.167,2.147,2.116,4.111,4.006,3.865,5,4.836,4.63,6.611,6.318,5.983,8,7.579,7.143
15_14,72,121,20,11.13,7.694,7,1,1.681,1.681,1.681,7.74,6.53,5.483,11.096,8.371,6.54,14.839,9.829,7.213,17.185,10.514,7.481,18.902,10.919,7.624,20,11.13,7.694
15_15,20,26,9,6.292,4.694,4,2,1.3,1.3,1.3,3.081,2.871,2.639,4.315,3.808,3.324,6.085,4.926,4.019,7.364,5.59,4.371,8.368,6.039,4.583,9,6.292,4.694
15_16,55,94,18,9.961,6.766,8,0,1.709,1.709,1.709,6.36,5.478,4.674,9.325,7.189,5.655,12.624,8.58,6.286,14.966,9.309,6.56,16.684,9.717,6.694,18,9.961,6.766
15_17,194,256,27,12.227,7.879,5,5,1.32,1.32,1.32,11.348,8.403,6.5,15.908,10.018,7.207,21.294,11.257,7.616,24.441,11.814,7.771,26.237,12.106,7.848,27.051,12.235,7.881
15_18,66,73,10,4.618,3.071,3,3,1.106,1.106,1.106,3.998,3.14,2.563,5.252,3.644,2.788,7.178,4.161,2.962,8.508,4.404,3.024,9.482,4.547,3.057,10,4.618,3.071
16_12,6,6,3,2.749,2.571,1,1,1,1,1,1,1,1,1,1,1,1.733,1.662,1.579,2.25,2.103,1.957,2.6,2.399,2.222,3,2.749,2.571
16_13,11,12,10,9.524,9,8,2,1.091,1.091,1.091,2.145,2.132,2.111,3.164,3.125,3.068,5.091,4.973,4.813,6.873,6.648,6.364,8.509,8.161,7.751,10,9.524,9
16_14,35,52,13,10.468,9.074,3,2,1.486,1.486,1.486,4.828,4.532,4.193,7.597,6.779,6.021,10.18,8.683,7.56,11.546,9.608,8.334,12.432,10.152,8.8,13,10.468,9.074
16_15,27,41,7,4.744,3.864,2,1,1.519,1.519,1.519,3.128,2.865,2.619,4.293,3.658,3.199,5.495,4.266,3.597,6.118,4.499,3.734,6.601,4.644,3.813,7.071,4.761,3.873
16_16,25,33,10,7.406,5.824,3,2,1.32,1.32,1.32,3.259,3.07,2.851,5.183,4.584,4.016,7.231,5.929,4.931,8.57,6.676,5.392,9.475,7.144,5.67,10,7.406,5.824
16_17,114,154,24,9.727,5.612,8,3,1.351,1.351,1.351,8.104,6.008,4.612,11.62,7.277,5.08,17.08,8.596,5.412,20.422,9.197,5.525,22.805,9.564,5.586,24,9.727,5.612
16_18,79,89,24,12.233,7.624,13,5,1.127,1.127,1.127,6.632,5.723,4.84,9.908,7.709,6.005,14.881,9.858,6.944,18.773,11.044,7.326,21.918,11.799,7.524,24,12.233,7.624
16_19,94,108,21,10.783,6.902,8,3,1.149,1.149,1.149,7.24,5.984,4.908,10.232,7.567,5.755,14.642,9.229,6.434,17.564,10.043,6.697,19.738,10.536,6.837,21.084,10.798,6.906
16_2,16,32,16,13.86,12.19,7,4,2,2,2,3.783,3.711,3.609,6.797,6.454,6.038,10.234,9.374,8.485,12.731,11.375,10.127,14.58,12.802,11.304,16,13.86,12.19
16_9,51,70,6,4.199,3.657,0,2,1.373,1.373,1.373,3.718,3.257,2.926,4.401,3.663,3.262,5.208,3.963,3.491,5.716,4.099,3.586,5.956,4.169,3.634,5.998,4.193,3.652
17_14,98,170,21,10.635,6.586,4,4,1.735,1.735,1.735,9.152,6.973,5.363,12.674,8.457,5.956,16.698,9.691,6.342,18.939,10.216,6.482,20.399,10.516,6.557,21,10.635,6.586
17_15,17,23,8,6.29,5.343,3,2,1.353,1.353,1.353,2.426,2.345,2.243,3.981,3.665,3.341,5.451,4.785,4.23,6.714,5.607,4.855,7.426,6.001,5.14,8.163,6.37,5.399
17_16,20,24,6,4.391,3.512,2,0,1.2,1.2,1.2,2.647,2.44,2.23,3.529,3.078,2.693,4.619,3.74,3.125,5.255,4.076,3.33,5.596,4.237,3.425,6.09,4.423,3.529
17_19,254,445,38,20.883,15.956,10,4,1.752,1.752,1.752,19.435,15.413,12.677,24.71,17.892,14.298,30.175,19.591,15.303,33.894,20.323,15.689,36.538,20.706,15.874,38.234,20.909,15.967
17_2,45,55,15,10.735,8.871,6,3,1.222,1.222,1.222,4.849,4.52,4.15,7.602,6.72,5.923,10.428,8.658,7.426,12.314,9.668,8.166,14.003,10.377,8.644,15,10.735,8.871
17_20,320,433,29,13.309,7.958,6,1,1.353,1.353,1.353,15.938,10.304,7.076,20.525,11.743,7.538,24.517,12.684,7.802,26.63,13.037,7.893,28.068,13.217,7.936,28.812,13.292,7.954
17_21,231,506,14,6.981,5.405,1,1,2.19,2.19,2.19,9.396,6.332,5.135,11.093,6.657,5.28,12.664,6.856,5.359,13.409,6.928,5.386,13.781,6.961,5.398,13.991,6.981,5.405
17_23,6,7,4,3.864,3.769,1,3,1.167,1.167,1.167,1.167,1.167,1.167,1.167,1.167,1.167,2.133,2.072,1.992,2.9,2.76,2.606,3.467,3.267,3.082,4,3.864,3.769
17_3,134,269,33,20.305,14.855,9,2,2.007,2.007,2.007,15.902,13.129,10.751,21.268,16.228,12.651,26.34,18.517,13.949,29.372,19.501,14.467,31.532,20.023,14.724,33.2,20.34,14.871
17_4,80,162,14,8.291,6.715,2,3,2.025,2.025,2.025,7.52,6.285,5.454,9.307,7.145,6.057,11.476,7.802,6.459,12.861,8.085,6.611,13.669,8.229,6.684,14.024,8.295,6.718
17_5,110,204,20,11.206,8.357,3,2,1.855,1.855,1.855,9.796,7.926,6.618,13.033,9.388,7.493,16.595,10.448,8.023,18.508,10.884,8.217,19.51,11.101,8.311,20,11.206,8.357
17_6,34,46,7,4.893,4.069,2,0,1.353,1.353,1.353,3.445,3.101,2.794,4.646,3.905,3.397,5.695,4.446,3.778,6.203,4.659,3.922,6.587,4.789,4.006,7,4.893,4.069
17_7,46,88,10,6.828,5.939,3,1,1.913,1.913,1.913,5.378,4.783,4.293,6.761,5.74,5.083,7.975,6.357,5.598,8.76,6.593,5.78,9.451,6.738,5.881,10,6.828,5.939
17_8,27,55,8,6.788,6.237,1,0,2.037,2.037,2.037,4.467,4.139,3.816,6.097,5.412,4.882,7.2,6.257,5.675,7.576,6.532,5.959,7.811,6.687,6.127,7.926,6.752,6.198
18_0,19,27,8,6.146,5.098,3,0,1.421,1.421,1.421,2.503,2.409,2.294,4.028,3.669,3.312,5.797,4.936,4.257,6.812,5.564,4.704,7.36,5.861,4.91,8,6.146,5.098
18_1,11,14,11,10.02,8.909,9,1,1.273,1.273,1.273,2.473,2.447,2.408,3.606,3.532,3.427,5.697,5.476,5.18,7.594,7.17,6.634,8.485,7.942,7.273,11.8,10.649,9.378
18_14,19,37,12,9.763,8.399,4,1,1.947,1.947,1.947,3.526,3.416,3.275,5.889,5.442,4.969,8.725,7.629,6.703,10.302,8.741,7.584,11.349,9.408,8.119,12.205,9.863,8.477
18_15,197,412,24,8.511,6.35,7,4,2.091,2.091,2.091,10.143,7.057,5.841,13.659,7.703,6.122,18,8.152,6.264,20.917,8.352,6.314,23.002,8.464,6.34,23.929,8.508,6.349
18_18,24,79,12,9.565,8.632,2,1,3.292,3.292,3.292,6.814,6.278,5.779,8.428,7.515,6.807,10.133,8.698,7.856,11.037,9.17,8.282,11.537,9.387,8.475,12.08,9.593,8.657
18_19,33,50,19,14.105,11.261,9,4,1.515,1.515,1.515,5.169,4.907,4.583,7.869,7.181,6.447,12.171,10.367,8.848,14.789,11.989,9.96,17.246,13.288,10.78,19.265,14.223,11.328
18_2,29,54,13,9.796,8.055,3,2,1.862,1.862,1.862,5.531,5.086,4.623,7.672,6.703,5.866,10.178,8.31,7.028,11.438,9.005,7.51,12.425,9.514,7.861,13,9.796,8.055
18_20,188,246,28,13.564,7.261,5,4,1.309,1.309,1.309,12.418,8.761,6.029,17.96,10.926,6.679,22.977,12.444,7.035,25.598,13.079,7.167,27.26,13.423,7.234,28.026,13.569,7.262
18_21,1203,2465,14,6.962,5.702,1,0,2.049,2.049,2.049,11.222,6.815,5.63,12.331,6.893,5.67,13.256,6.937,5.69,13.997,6.962,5.702,13.997,6.962,5.702,13.997,6.962,5.702
18_23,6,9,8,7.715,7.364,7,1,1.5,1.5,1.5,1.5,1.5,1.5,1.5,1.5,1.5,2.933,2.909,2.872,4.3,4.231,4.133,5.6,5.47,5.294,8,7.715,7.364
18_3,69,116,9,5.544,4.537,2,0,1.681,1.681,1.681,5.274,4.393,3.811,6.337,4.907,4.162,7.454,5.266,4.386,8.187,5.422,4.473,8.644,5.497,4.513,9.028,5.548,4.538
19_0,8,32,4,4,4,0,0,4,4,4,4,4,4,4,4,4,4,4,4,4,4,4,4,4,4,4,4,4
19_1,39,75,23,17.484,14.313,7,6,1.923,1.923,1.923,7.744,7.235,6.648,11.608,10.358,9.145,16.494,13.81,11.738,19.284,15.498,12.942,21.562,16.738,13.801,23.172,17.572,14.374
19_14,26,50,18,13.006,10.504,10,1,1.923,1.923,1.923,4.954,4.72,4.435,8.122,7.355,6.586,11.514,9.809,8.448,13.946,11.248,9.45,16.441,12.412,10.174,18.382,13.139,10.574
19_15,103,260,17,8.073,6.183,6,2,2.524,2.524,2.524,8.566,6.621,5.526,10.538,7.282,5.875,12.844,7.72,6.067,14.659,7.914,6.136,16.022,8.015,6.166,16.883,8.067,6.181
19_2,16,26,14,12.487,11.267,6,5,1.625,1.625,1.625,3.108,3.059,2.989,5.692,5.453,5.152,8.756,8.135,7.468,11.045,10.051,9.106,12.746,11.449,10.324,14,12.487,11.267
19_20,96,123,17,11.096,9.076,4,4,1.281,1.281,1.281,8.027,6.974,6.071,10.429,8.575,7.299,13.275,10.004,8.358,15.003,10.586,8.754,16.337,10.937,8.977,17.041,11.105,9.082
19_21,886,1302,13,6.261,5.139,1,0,1.47,1.47,1.47,9.283,6.041,5.024,10.666,6.157,5.088,11.897,6.218,5.118,12.606,6.247,5.132,12.758,6.253,5.135,12.998,6.261,5.139
19_22,6,7,3,2.942,2.882,0,2,1.167,1.167,1.167,1.167,1.167,1.167,1.167,1.167,1.167,2,1.914,1.815,2.55,2.385,2.227,2.867,2.673,2.513,3,2.845,2.722
19_23,8,11,9,8.549,8.067,7,2,1.375,1.375,1.375,1.375,1.375,1.375,2.679,2.653,2.614,3.911,3.838,3.737,6.161,5.953,5.692,7.179,6.891,6.549,9,8.549,8.067
19_4,24,31,12,5.636,3.09,9,1,1.292,1.292,1.292,2.69,2.423,2.17,3.776,3.069,2.512,6.24,4.104,2.849,8.453,4.788,2.982,10.476,5.302,3.053,12,5.636,3.09
2_0,7,11,7,6.336,5.762,4,2,1.571,1.571,1.571,1.571,1.571,1.571,2.905,2.83,2.729,4.029,3.841,3.618,4.971,4.659,4.321,5.762,5.327,4.892,7,6.336,5.762
2_16,7,7,3,2.942,2.882,0,2,1,1,1,1,1,1,1.762,1.696,1.615,2.314,2.174,2.032,2.686,2.499,2.333,2.905,2.715,2.561,2.905,2.715,2.561
2_21,14,16,8,6.622,5.565,4,2,1.143,1.143,1.143,2.121,2.068,1.998,2.964,2.829,2.661,4.917,4.456,3.984,6.324,5.507,4.776,7.074,6.023,5.147,8,6.622,5.565
2_22,13,14,8,6.464,5.158,5,2,1.077,1.077,1.077,2,1.951,1.885,2.804,2.675,2.513,4.162,3.816,3.427,5.82,5.058,4.308,6.769,5.696,4.712,8,6.464,5.158
2_23,31,46,9,5.864,4.681,3,1,1.484,1.484,1.484,3.887,3.504,3.153,5.085,4.322,3.756,6.563,5.08,4.258,7.599,5.464,4.478,8.49,5.733,4.618,9.095,5.886,4.692
20_1,5,7,6,5.742,5.444,5,1,1.4,1.4,1.4,1.4,1.4,1.4,1.4,1.4,1.4,2.7,2.665,2.613,3.9,3.804,3.675,5,4.827,4.612,6,5.742,5.444
20_13,4,4,3,2.828,2.667,2,1,1,1,1,1,1,1,1,1,1,1,1,1,1.833,1.782,1.714,1.833,1.782,1.714,3,2.828,2.667
20_20,14,17,11,9.606,8.257,7,3,1.214,1.214,1.214,2.33,2.295,2.246,3.357,3.262,3.133,6.007,5.631,5.177,8.165,7.425,6.617,9.401,8.397,7.361,11.469,9.953,8.51
20_21,20,21,9,6.242,4.642,6,0,1.05,1.05,1.05,2.619,2.472,2.298,3.768,3.397,3.014,5.486,4.573,3.805,6.862,5.334,4.232,7.796,5.768,4.442,9,6.242,4.642
20_23,16,23,12,8.861,6.531,8,2,1.437,1.438,1.438,2.633,2.559,2.461,4.559,4.217,3.822,6.828,5.915,5.009,8.742,7.134,5.72,10.45,8.085,6.193,12,8.861,6.531
20_5,26,30,4,2.073,1.619,2,0,1.154,1.154,1.154,1.719,1.553,1.441,2.226,1.759,1.536,2.801,1.909,1.584,3.227,1.986,1.603,3.384,2.008,1.607,4,2.073,1.619
20_6,5,6,3,3,3,0,3,1.2,1.2,1.2,1.2,1.2,1.2,1.2,1.2,1.2,2.1,2.018,1.92,2.7,2.546,2.4,2.7,2.546,2.4,2.7,2.546,2.4
21_1,20,27,10,7.555,6.025,4,3,1.35,1.35,1.35,3.369,3.183,2.964,4.816,4.36,3.895,6.832,5.794,4.927,8.26,6.654,5.486,9.353,7.233,5.837,10.185,7.647,6.078
21_14,7,7,3,2.6,2.333,1,1,1,1,1,1,1,1,1.667,1.587,1.5,2.114,1.953,1.8,2.429,2.197,2,2.667,2.37,2.143,3,2.6,2.333
21_6,23,34,6,4.674,4.129,1,1,1.478,1.478,1.478,3.149,2.907,2.675,3.98,3.541,3.192,4.961,4.189,3.733,5.419,4.42,3.923,5.8,4.588,4.059,6,4.674,4.129
21_7,15,18,5,4.637,4.378,0,2,1.2,1.2,1.2,2.133,2.057,1.964,2.853,2.679,2.492,4.138,3.741,3.411,4.699,4.229,3.888,4.943,4.488,4.181,4.981,4.547,4.255
22_1,5,6,5,4.762,4.5,4,1,1.2,1.2,1.2,1.2,1.2,1.2,1.2,1.2,1.2,2.3,2.265,2.215,3.3,3.207,3.086,4.2,4.036,3.84,5,4.762,4.5
22_2,20,34,8,5.182,4.281,4,1,1.7,1.7,1.7,3.489,3.208,2.947,4.372,3.849,3.453,5.51,4.465,3.9,6.489,4.809,4.105,7.384,5.045,4.222,8,5.182,4.281
22_7,31,48,10,7.117,5.565,3,0,1.548,1.548,1.548,4.343,3.927,3.514,5.939,5.042,4.293,7.735,6.107,4.97,8.722,6.614,5.277,9.512,6.952,5.474,10,7.117,5.565
23_1,4,6,5,4.762,4.5,4,1,1.5,1.5,1.5,1.5,1.5,1.5,1.5,1.5,1.5,1.5,1.5,1.5,2.833,2.778,2.7,2.833,2.778,2.7,5,4.762,4.5
23_2,15,26,12,9.005,7.042,7,2,1.733,1.733,1.733,3.133,3.034,2.908,4.29,4.043,3.756,6.896,6.078,5.302,8.87,7.365,6.145,10.541,8.292,6.677,12,9.005,7.042
24_1,18,23,8,6.104,5.136,4,0,1.278,1.278,1.278,2.294,2.218,2.121,3.774,3.475,3.167,5.529,4.792,4.203,6.388,5.338,4.614,7.106,5.723,4.888,8.214,6.185,5.184
24_19,10,12,6,5.264,4.8,3,0,1.2,1.2,1.2,1.2,1.2,1.2,2.2,2.138,2.057,3.7,3.456,3.2,4.7,4.29,3.927,5.4,4.85,4.431,6,5.264,4.8
24_23,5,5,4,3.789,3.571,3,1,1,1,1,1,1,1,1,1,1,1.9,1.866,1.818,2.7,2.612,2.5,2.7,2.612,2.5,4,3.789,3.571
25_0,8,17,9,7.044,5.667,6,1,2.125,2.125,2.125,2.125,2.125,2.125,3.643,3.486,3.306,4.804,4.438,4.057,6.643,5.741,4.958,7.464,6.235,5.25,9,7.044,5.667
25_15,8,10,5,4.131,3.571,3,0,1.25,1.25,1.25,1.25,1.25,1.25,2.179,2.092,1.989,2.875,2.68,2.476,3.857,3.439,3.081,4.625,3.932,3.441,5,4.131,3.571
25_23,13,20,9,7.708,6.897,4,1,1.538,1.538,1.538,2.833,2.757,2.656,3.92,3.73,3.505,5.592,5.151,4.71,7.249,6.478,5.838,8.031,7.064,6.344,9.295,7.882,7.043
26_0,13,30,10,6.884,5.556,6,0,2.308,2.308,2.308,3.769,3.58,3.377,4.755,4.361,3.994,6.098,5.288,4.678,7.657,6.084,5.176,8.612,6.453,5.367,10,6.884,5.556
26_17,135,259,22,10.686,7.481,5,1,1.919,1.919,1.919,10.359,7.853,6.302,14.006,9.166,6.933,17.735,10.043,7.272,19.862,10.402,7.393,21.265,10.599,7.454,22.147,10.702,7.486
26_18,22,31,13,8.679,6.2,8,2,1.409,1.409,1.409,3.5,3.298,3.061,5.036,4.525,3.999,7.4,6.106,5.025,9.812,7.368,5.675,11.491,8.099,5.985,13.355,8.807,6.244
26_20,7,8,3,2.828,2.667,0,2,1.143,1.143,1.143,1.143,1.143,1.143,1.905,1.814,1.714,2.4,2.223,2.057,2.714,2.481,2.286,2.905,2.65,2.449,2.905,2.65,2.449
26_21,17,68,13,9.435,8.317,5,1,4,4,4,6.206,5.862,5.523,8.29,7.459,6.821,9.714,8.377,7.586,11.125,8.957,8.021,12.096,9.231,8.198,13,9.435,8.317
26_23,6,7,6,5.742,5.444,5,1,1.167,1.167,1.167,1.167,1.167,1.167,1.167,1.167,1.167,2.267,2.243,2.207,3.3,3.233,3.141,4.267,4.144,3.984,6,5.742,5.444
26_4,7,22,4,3.953,3.903,0,0,4,3.953,3.903,4,3.953,3.903,4,3.953,3.903,4,3.953,3.903,4,3.953,3.903,4,3.953,3.903,4,3.953,3.903
27_0,5,12,8,7.237,6.545,5,2,2.4,2.4,2.4,2.4,2.4,2.4,2.4,2.4,2.4,4.3,4.155,3.972,5.8,5.459,5.082,7,6.453,5.908,8,7.237,6.545
27_18,17,19,4,3.449,3.252,1,0,1.118,1.118,1.118,1.897,1.812,1.716,2.8,2.556,2.343,3.348,3.017,2.778,3.646,3.268,3.053,3.646,3.268,3.053,3.824,3.374,3.171
27_19,277,778,29,14.495,11.087,7,3,2.809,2.809,2.809,17.615,12.78,10.191,20.368,13.603,10.666,23.68,14.121,10.929,26.166,14.336,11.024,28.067,14.449,11.07,28.975,14.494,11.086
27_20,192,411,23,10.264,7.266,4,3,2.141,2.141,2.141,12.193,8.448,6.593,15.4,9.279,6.946,19.056,9.864,7.149,21.145,10.097,7.219,22.293,10.204,7.25,22.916,10.257,7.264
27_21,940,2979,48,15.228,10.705,8,2,3.169,3.169,3.169,29.435,14.337,10.484,35.554,14.791,10.607,41.671,15.064,10.671,44.641,15.153,10.69,46.73,15.203,10.7,46.73,15.203,10.7
27_22,1185,3554,45,14.899,10.559,9,4,2.999,2.999,2.999,28.971,14.234,10.377,33.644,14.583,10.481,37.677,14.753,10.526,41.922,14.854,10.55,43.054,14.873,10.554,43.054,14.873,10.554
27_23,9,11,8,6.644,5.261,7,0,1.222,1.222,1.222,1.222,1.222,1.222,2.278,2.224,2.151,4.071,3.804,3.47,5.667,5.058,4.36,5.667,5.058,4.36,8,6.644,5.261
28_19,324,666,21,10.366,8.155,3,1,2.056,2.056,2.056,13.216,9.239,7.58,15.828,9.796,7.887,18.483,10.154,8.061,19.626,10.264,8.111,20.611,10.341,8.145,21.497,10.394,8.166
28_20,258,496,28,12.474,8.257,4,3,1.922,1.922,1.922,15.314,10.094,7.47,19.643,11.217,7.884,23.959,11.982,8.121,25.975,12.25,8.196,27.278,12.399,8.237,28,12.474,8.257
28_21,3782,12423,55,18.796,13.475,8,2,3.285,3.285,3.285,41.585,18.504,13.39,45.508,18.655,13.436,50.035,18.75,13.463,50.035,18.75,13.463,50.035,18.75,13.463,50.035,18.75,13.463
28_22,2403,6106,43,15.07,10.515,5,0,2.541,2.541,2.541,31.97,14.68,10.406,35.404,14.88,10.465,38.961,14.994,10.496,41.461,15.047,10.509,41.461,15.047,10.509,41.461,15.047,10.509
29_19,83,108,13,6.455,4.208,3,1,1.301,1.301,1.301,5.809,4.443,3.51,7.72,5.203,3.831,10.276,5.913,4.063,11.634,6.206,4.144,12.539,6.378,4.189,13,6.455,4.208
29_20,353,1270,39,17.448,11.516,3,3,3.598,3.598,3.598,26.191,15.495,10.948,31.291,16.507,11.259,35.489,17.097,11.423,37.379,17.297,11.476,38.617,17.413,11.507,39.219,17.469,11.521
29_21,996,2337,32,15.092,12.023,7,1,2.346,2.346,2.346,22.158,14.356,11.615,24.616,14.735,11.839,27.644,14.964,11.964,30.163,15.054,12.006,31.958,15.092,12.023,31.958,15.092,12.023
29_22,694,902,40,12.282,7.386,13,5,1.3,1.3,1.3,18.873,10.517,6.99,24.188,11.342,7.21,30.388,11.876,7.321,34.787,12.103,7.36,38.164,12.227,7.378,40.462,12.295,7.388
29_23,17,21,4,3.229,2.882,1,0,1.235,1.235,1.235,1.985,1.882,1.774,2.782,2.498,2.268,3.307,2.869,2.576,3.641,3.079,2.757,3.764,3.141,2.81,3.824,3.166,2.832
3_16,143,213,22,11.387,8.15,6,4,1.49,1.49,1.49,9.953,7.916,6.424,13.321,9.489,7.317,16.915,10.552,7.828,19.268,11.001,8.01,21.081,11.268,8.108,21.958,11.382,8.148
3_22,9,10,4,2.561,1.923,3,0,1.639,1.544,1.457,1.639,1.544,1.457,1.639,1.544,1.457,1.639,1.544,1.457,1.639,1.544,1.457,1.639,1.544,1.457,4,2.561,1.923
3_7,5,6,4,3.464,3,3,0,1.2,1.2,1.2,1.2,1.2,1.2,1.2,1.2,1.2,2.1,2.018,1.92,3.4,3.067,2.743,3.4,3.067,2.743,4,3.464,3
30_19,53,61,11,5.702,4.158,5,2,1.151,1.151,1.151,3.953,3.425,2.983,5.51,4.298,3.548,7.289,4.948,3.883,8.946,5.35,4.044,10.098,5.562,4.115,11,5.702,4.158
30_20,419,967,36,12.597,8.825,5,5,2.308,2.308,2.308,18.492,10.992,8.356,24.131,11.76,8.616,30.215,12.263,8.749,33.289,12.45,8.793,35.165,12.552,8.815,36.07,12.6,8.826
30_21,58,102,15,8.859,6.818,5,1,1.759,1.759,1.759,6.704,5.757,4.985,8.792,6.968,5.804,11.105,7.915,6.363,12.932,8.435,6.628,14.099,8.694,6.747,15.086,8.873,6.824
30_22,833,1558,54,20.709,12.634,11,6,1.87,1.87,1.87,31.011,18.193,11.944,37.392,19.414,12.319,44.474,20.179,12.518,49.081,20.479,12.587,52.274,20.636,12.62,54.079,20.712,12.635
30_23,212,259,32,11.54,5.299,9,7,1.222,1.222,1.222,12.058,7.52,4.69,17.624,9.177,5.013,24.015,10.487,5.192,27.862,11.058,5.254,30.64,11.393,5.286,32.084,11.549,5.3
31_19,99,134,16,6.689,4.386,7,1,1.354,1.354,1.354,6.149,4.638,3.708,8.441,5.438,4.043,11.428,6.129,4.259,13.353,6.423,4.332,14.915,6.595,4.368,16.071,6.695,4.387
31_20,341,551,26,8.646,5.831,6,3,1.616,1.616,1.616,12.389,7.333,5.486,16.305,7.939,5.674,20.647,8.344,5.772,23.386,8.519,5.808,25.27,8.614,5.826,25.929,8.643,5.831
31_22,17,20,7,4.406,3.39,5,0,1.176,1.176,1.176,1.993,1.903,1.801,3.035,2.729,2.453,4.051,3.372,2.902,5.529,3.988,3.232,5.529,3.988,3.232,7.285,4.476,3.412
31_23,217,296,33,15.043,9.458,7,9,1.364,1.364,1.364,13.559,10.051,7.679,19.127,12.152,8.581,25.549,13.788,9.124,29.334,14.486,9.317,31.908,14.882,9.418,33.032,15.048,9.459
31_5,228,573,31,13.847,10.249,3,8,2.513,2.513,2.513,16.077,11.472,9.232,20.475,12.569,9.777,25.615,13.304,10.068,28.649,13.609,10.172,30.363,13.773,10.225,31.013,13.848,10.25
31_6,13,21,9,7.24,6.041,4,2,1.615,1.615,1.615,2.897,2.8,2.678,3.934,3.698,3.43,5.51,4.959,4.425,7.163,6.132,5.287,7.997,6.66,5.654,9,7.24,6.041
32_19,151,203,17,6.701,4.606,4,4,1.344,1.344,1.344,7.019,5.07,4.053,9.67,5.783,4.354,12.902,6.29,4.509,14.957,6.515,4.565,16.33,6.643,4.593,17.052,6.706,4.607
32_20,17,22,9,5.637,3.841,6,1,1.294,1.294,1.294,2.206,2.109,1.998,3.523,3.126,2.744,5.051,4.05,3.267,6.766,4.845,3.6,7.919,5.282,3.743,9,5.637,3.841
32_23,119,149,27,10.871,5.688,11,6,1.252,1.252,1.252,8.329,6.184,4.569,12.678,7.9,5.137,18.435,9.442,5.476,22.304,10.182,5.597,25.309,10.643,5.66,27.092,10.883,5.69
32_4,4,4,3,2.828,2.667,2,1,1,1,1,1,1,1,1,1,1,1,1,1,1.833,1.782,1.714,1.833,1.782,1.714,3,2.828,2.667
32_5,99,187,19,10.41,7.467,5,1,1.889,1.889,1.889,9.281,7.384,6.017,12.088,8.677,6.716,15.232,9.691,7.185,16.91,10.071,7.341,18.322,10.315,7.433,18.848,10.39,7.46
33_19,66,72,8,3.697,2.7,2,2,1.091,1.091,1.091,3.4,2.726,2.319,4.463,3.098,2.507,5.906,3.403,2.619,6.956,3.563,2.665,7.652,3.654,2.689,8.029,3.701,2.701
33_20,7,8,4,3.364,2.909,2,1,1.143,1.143,1.143,1.143,1.143,1.143,1.952,1.867,1.77,2.543,2.355,2.165,3,2.706,2.438,3.381,2.974,2.637,4,3.364,2.909
33_23,57,61,12,6.807,4.903,5,2,1.07,1.07,1.07,4.524,3.911,3.365,6.252,4.95,4.03,8.28,5.838,4.506,9.875,6.333,4.726,11.165,6.64,4.844,12,6.807,4.903
33_5,77,127,26,17.163,13.565,9,4,1.649,1.649,1.649,10.018,8.946,7.895,14.255,11.961,10.157,19.03,14.655,12.039,22.124,15.953,12.866,24.503,16.742,13.331,26.116,17.193,13.582
33_6,7,7,5,4.711,4.455,3,2,1,1,1,1,1,1,1.905,1.872,1.826,2.714,2.629,2.52,3.429,3.281,3.111,4.048,3.84,3.621,5,4.711,4.455
34_17,97,137,16,5.871,3.262,6,2,1.412,1.412,1.412,6.159,4.099,2.948,8.612,4.798,3.109,11.64,5.385,3.205,13.533,5.638,3.238,15.094,5.796,3.255,16.122,5.88,3.263
34_18,31,49,19,13.24,9.566,9,5,1.581,1.581,1.581,5.198,4.87,4.477,7.83,6.965,6.064,11.75,9.593,7.757,14.726,11.243,8.646,17.438,12.552,9.266,19,13.24,9.566
34_19,24,29,6,3.536,2.851,3,1,1.208,1.208,1.208,2.397,2.196,2.017,2.968,2.598,2.328,3.92,3.05,2.633,4.745,3.286,2.753,5.478,3.443,2.818,6,3.536,2.851
34_23,31,76,20,15.925,13.127,5,1,2.452,2.452,2.452,7.78,7.242,6.631,11.282,10.004,8.765,15.478,12.978,10.93,17.678,14.473,12.025,19.166,15.456,12.771,20,15.925,13.127
34_6,11,22,15,13.179,11.524,11,1,2,2,2,3.818,3.756,3.667,5.473,5.303,5.077,8.364,7.895,7.333,10.818,9.976,9.059,11.927,10.874,9.778,15.982,13.849,12
34_7,10,13,9,7.627,6.259,7,1,1.3,1.3,1.3,1.3,1.3,1.3,2.444,2.393,2.322,4.395,4.143,3.826,6.062,5.512,4.88,7.578,6.648,5.66,9,7.627,6.259
35_10,44,71,13,6.882,4.986,4,5,1.614,1.614,1.614,4.696,4.107,3.615,6.583,5.148,4.279,9.048,6.001,4.686,10.898,6.451,4.851,12.252,6.731,4.941,13.086,6.9,4.992
35_11,16,30,15,11.794,9.184,8,4,1.875,1.875,1.875,3.467,3.377,3.258,6.066,5.651,5.161,9.078,7.995,6.884,11.456,9.634,7.945,13.398,10.854,8.664,15.469,12.06,9.326
35_15,6,7,5,4.711,4.455,3,2,1.167,1.167,1.167,1.167,1.167,1.167,1.167,1.167,1.167,2.2,2.156,2.094,3.1,2.987,2.849,3.867,3.68,3.475,5,4.711,4.455
35_16,12,15,9,7.855,6.818,5,3,1.25,1.25,1.25,2.364,2.318,2.254,3.359,3.237,3.078,5.058,4.731,4.351,6.452,5.886,5.288,7.614,6.802,6.007,9,7.855,6.818
35_7,12,14,4,2.128,1.581,3,0,3.5,2.045,1.571,3.5,2.045,1.571,2.5,1.828,1.531,2.5,1.828,1.531,2.5,1.828,1.531,2.5,1.828,1.531,4.229,2.165,1.585
35_9,6,6,4,3.464,3,3,0,1,1,1,1,1,1,1,1,1,1.8,1.741,1.667,3,2.755,2.5,3,2.755,2.5,4,3.464,3
36_9,35,45,11,6.689,4.787,5,1,1.286,1.286,1.286,3.655,3.306,2.954,5.492,4.535,3.768,7.528,5.567,4.325,8.953,6.114,4.571,10.114,6.467,4.709,11,6.689,4.787
37_11,8,8,6,5.657,5.333,4,2,1,1,1,1,1,1,1.929,1.903,1.867,2.786,2.717,2.625,4.286,4.102,3.889,4.929,4.684,4.421,6,5.657,5.333
37_15,7,7,5,4.371,3.769,4,0,1,1,1,1,1,1,1.857,1.811,1.75,2.6,2.481,2.333,3.857,3.535,3.182,4.429,3.97,3.5,5,4.371,3.769
37_7,6,11,6,5.164,4.481,3,2,1.833,1.833,1.833,1.833,1.833,1.833,1.833,1.833,1.833,3.133,2.997,2.84,4.1,3.792,3.477,4.867,4.373,3.916,6,5.164,4.481
38_16,14,22,9,7.105,5.902,4,2,1.571,1.571,1.571,2.813,2.718,2.598,3.81,3.58,3.321,5.908,5.219,4.602,7.324,6.163,5.28,8.074,6.606,5.58,9,7.105,5.902
38_17,12,16,6,4,3.048,4,0,1.333,1.333,1.333,2.152,2.04,1.923,2.727,2.483,2.256,3.596,3.041,2.619,4.323,3.405,2.813,5,3.679,2.933,6,4,3.048
38_7,8,9,4,3.572,3.24,1,2,1.125,1.125,1.125,1.125,1.125,1.125,1.964,1.887,1.794,2.589,2.417,2.238,3.411,3.077,2.79,3.679,3.289,2.974,4,3.572,3.24
4_22,68,143,23,10.729,6.599,7,5,2.103,2.103,2.103,8.457,6.653,5.324,11.967,8.127,5.93,16.582,9.472,6.327,19.781,10.162,6.486,21.864,10.54,6.562,23,10.729,6.599
4_8,43,58,10,4.766,2.846,2,3,1.349,1.349,1.349,3.555,2.865,2.37,5.399,3.595,2.618,7.384,4.165,2.745,8.761,4.489,2.802,9.599,4.673,2.831,10.043,4.777,2.848
40_0,11,18,5,4.454,4.154,1,0,1.636,1.636,1.636,2.727,2.598,2.455,3.448,3.19,2.945,4.24,3.829,3.506,4.606,4.145,3.818,4.721,4.247,3.927,4.721,4.247,3.927
40_12,65,100,11,5.317,3.655,3,3,1.538,1.538,1.538,5.073,3.914,3.17,6.594,4.489,3.411,8.295,4.92,3.554,9.572,5.135,3.612,10.474,5.254,3.641,11.045,5.322,3.656
40_13,10,14,4,3.454,3.161,1,0,1.4,1.4,1.4,1.4,1.4,1.4,2.267,2.15,2.028,3.157,2.857,2.613,3.562,3.168,2.892,3.692,3.265,2.983,3.8,3.341,3.055
40_14,4,4,3,2.828,2.667,2,1,1,1,1,1,1,1,1,1,1,1,1,1,1.833,1.782,1.714,1.833,1.782,1.714,3,2.828,2.667
40_15,56,86,10,5.457,3.989,3,1,1.536,1.536,1.536,4.853,3.947,3.315,6.252,4.569,3.64,7.76,5.034,3.84,8.784,5.264,3.926,9.553,5.395,3.97,10.053,5.463,3.991
40_16,45,79,19,12.318,9.357,7,4,1.756,1.756,1.756,6.403,5.831,5.235,9.677,8.189,6.96,13.268,10.198,8.246,15.735,11.244,8.829,17.824,11.963,9.19,19.152,12.362,9.377
40_2,4,4,3,2.828,2.667,2,1,1,1,1,1,1,1,1,1,1,1,1,1,1.833,1.782,1.714,1.833,1.782,1.714,3,2.828,2.667
41_0,6,9,5,4.586,4.263,2,2,1.5,1.5,1.5,1.5,1.5,1.5,1.5,1.5,1.5,2.667,2.572,2.455,3.55,3.339,3.115,4.2,3.89,3.6,5,4.586,4.263
41_14,5,5,3,2.586,2.273,2,0,1,1,1,1,1,1,1,1,1,1.7,1.625,1.538,2.6,2.337,2.105,2.2,2.037,1.875,3,2.586,2.273
42_15,7,13,4,3.311,2.77,0,3,1.857,1.857,1.857,1.857,1.857,1.857,2.571,2.425,2.299,3.143,2.772,2.498,3.571,3.001,2.61,3.857,3.154,2.683,3.857,3.154,2.683
43_14,14,16,8,6.622,5.565,4,2,1.143,1.143,1.143,2.121,2.068,1.998,2.964,2.829,2.661,4.917,4.456,3.984,6.324,5.507,4.776,7.074,6.023,5.147,8,6.622,5.565
44_13,66,92,17,6.402,3.359,8,3,1.394,1.394,1.394,5.365,3.873,2.902,7.594,4.652,3.108,11.129,5.534,3.263,13.655,5.976,3.318,15.722,6.256,3.346,17,6.402,3.359
44_14,16,26,8,5.061,3.634,4,1,1.625,1.625,1.625,2.583,2.446,2.305,3.875,3.35,2.914,5.271,4.086,3.286,6.338,4.528,3.463,7.223,4.833,3.567,8,5.061,3.634
45_12,61,170,29,18.802,12.925,6,2,2.787,2.787,2.787,12.291,10.508,8.806,18.091,13.965,10.739,23.403,16.538,11.95,26.32,17.793,12.497,27.951,18.439,12.773,28.802,18.738,12.898
45_13,11,13,6,4.413,3.449,4,0,1.182,1.182,1.182,2.036,1.951,1.851,2.691,2.491,2.282,3.695,3.221,2.804,4.521,3.719,3.108,5.636,4.263,3.384,6.341,4.55,3.505
45_14,28,33,9,4.527,2.92,5,2,1.179,1.179,1.179,2.442,2.217,2.005,3.651,2.943,2.432,5.487,3.679,2.721,6.743,4.039,2.82,8.054,4.341,2.885,9.173,4.56,2.925
45_9,6,8,5,4.456,4,3,1,1.333,1.333,1.333,1.333,1.333,1.333,1.333,1.333,1.333,2.4,2.321,2.222,3.25,3.064,2.857,3.933,3.634,3.333,5,4.456,4
46_10,17,24,11,9.248,7.784,4,4,1.412,1.412,1.412,2.64,2.58,2.498,4.667,4.39,4.061,6.954,6.26,5.548,9.088,7.857,6.746,10.203,8.661,7.34,11,9.248,7.784
46_14,8,12,9,8.485,8,6,3,1.5,1.5,1.5,1.5,1.5,1.5,2.893,2.855,2.8,4.179,4.076,3.938,6.429,6.153,5.833,7.393,7.026,6.632,9,8.485,8
46_15,7,7,5,4.371,3.769,4,0,1,1,1,1,1,1,1.857,1.811,1.75,2.6,2.481,2.333,3.857,3.535,3.182,4.429,3.97,3.5,5,4.371,3.769
46_16,9,11,7,6.336,5.762,4,2,1.222,1.222,1.222,1.222,1.222,1.222,2.306,2.259,2.195,4.103,3.893,3.646,4.841,4.535,4.201,6.056,5.562,5.087,7,6.336,5.762
47_10,47,72,17,11.272,8.498,5,4,1.532,1.532,1.532,6.39,5.733,5.072,9.12,7.635,6.421,12.264,9.368,7.498,14.578,10.374,8.048,16.173,10.978,8.354,17,11.272,8.498
47_13,12,17,7,5.604,4.738,3,2,1.417,1.417,1.417,2.5,2.407,2.294,3.341,3.124,2.89,4.561,4.082,3.649,5.444,4.698,4.112,6.159,5.138,4.423,7.223,5.722,4.817
47_16,93,167,23,12.57,9.528,9,2,1.796,1.796,1.796,9.904,8.304,7.064,12.823,9.904,8.138,16.757,11.344,8.972,19.362,11.972,9.278,21.599,12.37,9.45,23,12.57,9.528
47_17,16,18,5,3.3,2.418,1,3,1.125,1.125,1.125,1.767,1.671,1.574,2.597,2.246,1.966,3.538,2.715,2.201,4.25,2.998,2.312,4.737,3.181,2.376,5,3.3,2.418
47_5,57,98,17,12.29,9.8,4,2,1.719,1.719,1.719,7.916,7.009,6.127,10.957,9.12,7.632,13.692,10.793,8.786,15.234,11.603,9.343,16.323,12.057,9.648,17.069,12.312,9.814
47_6,7,8,7,6.727,6.4,6,1,1.143,1.143,1.143,1.143,1.143,1.143,2.238,2.221,2.194,3.286,3.236,3.165,4.286,4.192,4.063,5.238,5.091,4.898,7,6.727,6.4
47_7,28,39,19,12.861,8.311,12,4,1.393,1.393,1.393,3.661,3.496,3.281,6.356,5.709,4.963,10.657,8.628,6.674,13.649,10.315,7.427,16.748,11.851,7.992,19.418,13.04,8.365
48_10,53,100,21,10.718,6.775,7,6,1.887,1.887,1.887,6.798,5.768,4.873,10.215,7.551,5.79,14.24,9.021,6.331,17.62,9.946,6.592,19.814,10.458,6.716,21,10.718,6.775
48_12,12,27,14,12.259,10.881,6,5,2.25,2.25,2.25,4.197,4.099,3.966,5.882,5.63,5.318,8.609,7.981,7.311,10.677,9.67,8.711,12.268,10.921,9.748,14,12.259,10.881
48_13,33,66,18,14.009,10.836,2,7,2,2,2,6.39,5.939,5.415,9.416,8.293,7.163,13.857,11.285,9.126,16.013,12.613,9.944,17.429,13.525,10.513,18.05,14.072,10.88
48_14,105,223,40,23.49,17.43,17,4,2.124,2.124,2.124,15.416,13.284,11.34,21.138,16.932,13.818,28.5,20.464,15.956,33.266,22.017,16.771,37.318,22.979,17.216,39.675,23.432,17.407
48_16,39,45,18,12.046,8.402,10,3,1.154,1.154,1.154,4.672,4.345,3.956,7.197,6.32,5.417,10.992,8.77,6.922,13.612,10.152,7.616,16.112,11.288,8.109,18.252,12.141,8.437
48_17,32,45,15,10.007,7.364,7,3,1.406,1.406,1.406,4.439,4.122,3.763,6.486,5.701,4.948,9.786,7.756,6.263,11.886,8.777,6.806,13.842,9.582,7.182,15.213,10.081,7.394
48_19,24,29,5,2.878,2.41,3,0,1.208,1.208,1.208,2.192,2.005,1.85,2.592,2.28,2.07,3.124,2.527,2.248,3.75,2.689,2.338,3.75,2.689,2.338,5.12,2.892,2.414
48_5,7,8,4,4,4,0,4,1.143,1.143,1.143,1.143,1.143,1.143,2.095,2.036,1.959,2.857,2.721,2.571,3.429,3.232,3.048,3.81,3.6,3.429,3.81,3.6,3.429
48_7,9,24,7,5.476,4.8,3,0,2.667,2.667,2.667,2.667,2.667,2.667,4,3.771,3.556,5.254,4.683,4.267,6.333,5.247,4.667,6.333,5.247,4.667,7,5.476,4.8
48_8,29,46,14,10.255,7.837,4,3,1.586,1.586,1.586,4.952,4.582,4.169,7.195,6.291,5.434,10.215,8.222,6.68,11.882,9.145,7.216,13.225,9.854,7.614,14,10.255,7.837
48_9,13,15,7,5.552,4.412,3,3,1.154,1.154,1.154,2.077,2.009,1.923,2.839,2.669,2.473,4.061,3.636,3.205,5.462,4.599,3.846,6.192,5.053,4.121,7,5.552,4.412
49_10,6,8,6,5.657,5.333,4,2,1.333,1.333,1.333,1.333,1.333,1.333,1.333,1.333,1.333,2.533,2.488,2.424,3.6,3.482,3.333,4.533,4.332,4.103,6,5.657,5.333
49_11,42,71,21,11.113,6.677,10,5,1.69,1.69,1.69,5.748,5.046,4.357,8.47,6.697,5.283,13.185,8.77,6.092,16.375,9.844,6.394,19.205,10.654,6.582,21.232,11.17,6.688
49_12,47,124,22,15.46,12.481,6,0,2.638,2.638,2.638,10.209,9.08,8.03,13.858,11.572,9.863,17.453,13.578,11.249,19.638,14.605,11.932,21.099,15.18,12.306,21.745,15.387,12.436
49_13,25,60,28,22.019,18,16,3,2.4,2.4,2.4,6.529,6.314,6.028,11.432,10.62,9.69,17.373,15.337,13.386,21.755,18.407,15.62,25.376,20.617,17.117,28,22.019,18
49_14,11,11,7,6.336,5.762,4,2,1,1,1,1.909,1.878,1.833,2.733,2.649,2.538,4.152,3.927,3.667,5.303,4.923,4.529,6.236,5.708,5.211,7,6.336,5.762
49_17,16,26,14,11.224,8.895,8,4,1.625,1.625,1.625,3.042,2.974,2.881,5.413,5.089,4.694,8.22,7.353,6.429,10.492,8.987,7.545,12.4,10.238,8.322,14.469,11.506,9.054
49_18,62,79,30,22.838,18.302,12,9,1.274,1.274,1.274,7.622,7.225,6.725,13.003,11.766,10.452,19.386,16.526,14.042,24.541,19.816,16.334,28.082,21.812,17.646,30,22.838,18.302
49_19,106,142,26,14.09,9.335,9,4,1.34,1.34,1.34,9.386,7.832,6.459,13.515,10.12,7.746,18.807,12.233,8.691,22.101,13.2,9.048,24.546,13.787,9.242,26.084,14.106,9.34
49_5,10,10,4,3.389,2.941,1,2,1,1,1,1,1,1,1.733,1.662,1.579,2.71,2.459,2.222,3.333,2.913,2.571,3.756,3.202,2.791,4,3.389,2.941
49_9,10,11,7,5.858,4.84,5,1,1.1,1.1,1.1,1.1,1.1,1.1,2.044,1.995,1.927,3.595,3.363,3.089,4.862,4.379,3.866,5.978,5.186,4.422,7,5.858,4.84
5_22,21,24,10,6.594,4.5,6,1,1.143,1.143,1.143,2.777,2.598,2.392,3.992,3.53,3.061,5.926,4.746,3.763,7.497,5.552,4.127,8.823,6.139,4.35,10,6.594,4.5
50_10,9,10,5,4.353,3.846,2,2,1.111,1.111,1.111,1.111,1.111,1.111,2,1.935,1.852,3.294,3.039,2.778,3.77,3.419,3.086,4.5,3.976,3.535,5,4.353,3.846
50_13,27,33,13,10.045,8.313,6,3,1.222,1.222,1.222,3.266,3.143,2.985,5.579,5.141,4.668,8.62,7.475,6.5,10.377,8.626,7.348,11.803,9.437,7.912,13,10.045,8.313
50_18,21,32,14,11.019,9.309,8,1,1.524,1.524,1.524,4.038,3.878,3.676,5.992,5.579,5.122,8.788,7.821,6.944,10.778,9.232,8.044,12.045,10.011,8.621,14,11.019,9.309
50_19,8,10,8,7.192,6.25,7,0,1.25,1.25,1.25,1.25,1.25,1.25,2.393,2.356,2.303,3.446,3.344,3.201,5.357,5.051,4.654,7.125,6.516,5.778,8,7.192,6.25
50_20,20,21,5,3.675,2.921,1,1,1.05,1.05,1.05,2.273,2.089,1.907,3.008,2.609,2.279,3.948,3.151,2.62,4.502,3.429,2.78,4.833,3.592,2.873,5,3.675,2.921
50_4,9,16,11,8.873,6.737,9,1,1.778,1.778,1.778,1.778,1.778,1.778,3.25,3.156,3.034,5.714,5.25,4.692,6.833,6.106,5.267,8.972,7.594,6.126,11,8.873,6.737
50_5,28,32,9,6.681,5.224,2,3,1.143,1.143,1.143,2.836,2.674,2.485,4.537,4.017,3.518,6.623,5.385,4.441,7.71,5.991,4.813,8.56,6.438,5.078,9,6.681,5.224
50_9,7,8,6,5.657,5.333,4,2,1.143,1.143,1.143,1.143,1.143,1.143,2.19,2.157,2.11,3.143,3.055,2.939,4,3.844,3.657,4.762,4.535,4.286,6,5.657,5.333
51_0,6,7,6,5.742,5.444,5,1,1.167,1.167,1.167,1.167,1.167,1.167,1.167,1.167,1.167,2.267,2.243,2.207,3.3,3.233,3.141,4.267,4.144,3.984,6,5.742,5.444
51_18,8,10,8,7.579,7.143,6,2,1.25,1.25,1.25,1.25,1.25,1.25,2.429,2.403,2.365,3.536,3.464,3.365,5.536,5.334,5.087,6.429,6.153,5.833,8,7.579,7.143
51_19,86,127,21,6.643,4.051,13,2,1.477,1.477,1.477,5.878,4.356,3.505,8.461,5.112,3.778,12.559,5.837,3.944,15.97,6.233,4.005,18.987,6.497,4.037,20.849,6.633,4.051
51_20,10,11,8,7.187,6.368,6,1,1.1,1.1,1.1,1.1,1.1,1.1,2.111,2.08,2.036,3.9,3.744,3.541,5.433,5.098,4.701,6.125,5.685,5.186,8,7.187,6.368
51_4,48,84,12,7.841,6.462,3,3,1.75,1.75,1.75,5.94,5.216,4.612,7.576,6.276,5.418,9.211,7.063,5.982,10.575,7.502,6.265,11.426,7.712,6.388,12.06,7.854,6.469
51_5,49,85,13,8.634,7.104,3,3,1.735,1.735,1.735,6.199,5.481,4.859,8.057,6.723,5.81,9.946,7.673,6.497,11.462,8.209,6.848,12.436,8.485,7.016,13,8.634,7.104
51_9,6,8,5,4.757,4.571,2,3,1.333,1.333,1.333,1.333,1.333,1.333,1.333,1.333,1.333,2.467,2.403,2.319,3.4,3.249,3.077,4.133,3.904,3.678,5,4.757,4.571
52_14,11,21,7,5.911,5.069,1,3,1.909,1.909,1.909,3.218,3.071,2.905,4.17,3.842,3.517,5.47,4.796,4.229,6.282,5.349,4.631,6.764,5.692,4.889,7,5.911,5.069
52_15,4,4,3,2.828,2.667,2,1,1,1,1,1,1,1,1,1,1,1,1,1,1.833,1.782,1.714,1.833,1.782,1.714,3,2.828,2.667
52_20,6,9,6,5.67,5.4,3,3,1.5,1.5,1.5,1.5,1.5,1.5,1.5,1.5,1.5,2.8,2.735,2.647,3.9,3.741,3.553,4.8,4.547,4.286,6,5.67,5.4
52_3,100,154,15,6.967,4.393,4,2,1.54,1.54,1.54,6.942,5.056,3.816,9.074,5.86,4.104,11.611,6.492,4.287,13.202,6.748,4.348,14.398,6.9,4.38,15.04,6.971,4.394
52_4,303,513,15,8.034,6.148,4,0,1.693,1.693,1.693,10.055,7.262,5.726,11.296,7.667,5.962,12.395,7.864,6.07,13.786,7.98,6.126,14.228,8.003,6.136,14.228,8.003,6.136
52_7,12,13,7,5.919,5.121,4,1,1.083,1.083,1.083,2.015,1.966,1.901,2.818,2.693,2.54,4.119,3.806,3.473,5.126,4.611,4.123,5.95,5.222,4.601,7,5.919,5.121
52_8,98,165,28,14.277,8.74,9,5,1.684,1.684,1.684,10.26,8.22,6.514,14.819,10.462,7.545,20.482,12.509,8.264,24.027,13.456,8.535,26.613,14.015,8.677,28.091,14.293,8.744
52_9,5,6,3,2.749,2.571,1,1,1.2,1.2,1.2,1.2,1.2,1.2,1.2,1.2,1.2,2,1.905,1.8,2.5,2.323,2.16,2.8,2.579,2.4,3,2.749,2.571
53_4,101,200,15,7.704,6.135,3,3,1.98,1.98,1.98,7.49,6.069,5.236,9.477,6.799,5.705,11.95,7.316,5.973,13.466,7.527,6.064,14.487,7.647,6.113,15.029,7.707,6.136
53_5,279,665,35,10.163,7.166,13,4,2.384,2.384,2.384,13.877,8.612,6.761,18.714,9.275,6.982,25.081,9.76,7.097,29.837,9.988,7.139,33.247,10.11,7.158,35,10.163,7.166
53_6,125,232,32,15.834,9.822,8,5,1.856,1.856,1.856,12.294,9.6,7.566,18.387,12.239,8.726,24.645,14.209,9.381,28.389,15.128,9.641,30.739,15.606,9.765,32,15.834,9.822
53_7,20,30,17,12.936,9.574,12,2,1.5,1.5,1.5,4.03,3.877,3.675,6.131,5.701,5.176,9.604,8.399,7.112,12.541,10.38,8.307,15.168,11.945,9.119,17.59,13.239,9.705
54_10,32,38,8,4.7,3.297,3,1,1.187,1.188,1.188,3.029,2.673,2.353,4.128,3.323,2.737,5.776,4.05,3.071,6.693,4.361,3.187,7.509,4.586,3.262,8,4.7,3.297
54_2,14,17,11,10.106,9.323,6,4,1.214,1.214,1.214,2.352,2.324,2.284,3.415,3.339,3.233,6.187,5.888,5.533,8.39,7.833,7.253,9.58,8.866,8.177,11,10.106,9.323
54_21,4,8,6,5.657,5.333,4,2,2,2,2,2,2,2,2,2,2,2,2,2,3.667,3.564,3.429,3.667,3.564,3.429,6,5.657,5.333
54_5,5,10,6,5,4.167,4,1,2,2,2,2,2,2,2,2,2,3.3,3.138,2.963,4.3,3.912,3.529,5.2,4.514,3.902,6,5,4.167
55_0,24,37,15,11.437,9.313,8,1,1.542,1.542,1.542,4.059,3.889,3.675,6.013,5.572,5.081,9.423,8.208,7.126,11.762,9.751,8.231,13.641,10.796,8.922,15,11.437,9.313
55_13,40,78,14,9.627,7.53,2,3,1.95,1.95,1.95,6.302,5.612,4.975,8.529,7.081,6.011,11.178,8.429,6.85,12.688,9.065,7.212,13.558,9.425,7.414,14,9.627,7.53
55_2,13,15,7,5.953,5.233,3,2,1.154,1.154,1.154,2.128,2.072,1.997,2.951,2.81,2.64,4.24,3.902,3.556,5.576,4.952,4.419,6.231,5.429,4.808,7,5.953,5.233
55_22,4,6,5,4.762,4.5,4,1,1.5,1.5,1.5,1.5,1.5,1.5,1.5,1.5,1.5,1.5,1.5,1.5,2.833,2.778,2.7,2.833,2.778,2.7,5,4.762,4.5
55_3,34,57,13,8.245,6.236,6,0,1.676,1.676,1.676,4.74,4.297,3.854,6.961,5.823,4.919,9.227,7.027,5.647,10.595,7.571,5.933,11.934,7.986,6.128,13,8.245,6.236
55_6,5,17,10,8.291,6.721,6,3,3.4,3.4,3.4,3.4,3.4,3.4,3.4,3.4,3.4,5.5,5.217,4.919,7.3,6.534,5.78,8.8,7.53,6.334,10,8.291,6.721
55_7,159,338,35,17.44,11.858,6,10,2.126,2.126,2.126,15.641,11.998,9.548,21.484,14.368,10.717,27.887,16.142,11.427,31.479,16.848,11.669,33.925,17.257,11.801,35.037,17.447,11.861
56_0,48,66,16,13.73,12.446,2,3,1.375,1.375,1.375,6.576,6.145,5.659,9.807,8.816,7.896,12.971,11.297,10.038,14.676,12.622,11.286,15.582,13.353,12.033,16.039,13.768,12.489
56_13,12,18,6,4.63,3.857,2,2,1.5,1.5,1.5,2.5,2.381,2.25,3.205,2.948,2.7,4.169,3.639,3.214,4.862,4.056,3.5,5.409,4.342,3.682,6,4.63,3.857
56_2,6,7,6,5.742,5.444,5,1,1.167,1.167,1.167,1.167,1.167,1.167,1.167,1.167,1.167,2.267,2.243,2.207,3.3,3.233,3.141,4.267,4.144,3.984,6,5.742,5.444
56_3,141,299,23,13.153,10.601,6,3,2.121,2.121,2.121,12.307,10.063,8.55,15.214,11.502,9.588,18.398,12.461,10.219,20.409,12.83,10.432,22.091,13.054,10.552,22.915,13.144,10.597
56_4,110,209,15,9.561,7.818,2,2,1.9,1.9,1.9,8.98,7.393,6.339,11.156,8.451,7.092,13.082,9.121,7.54,14.027,9.366,7.697,14.645,9.494,7.778,15.035,9.567,7.822
56_5,63,117,16,9.616,7.356,4,3,1.857,1.857,1.857,7.184,6.167,5.322,9.745,7.643,6.302,12.397,8.707,6.915,14.086,9.189,7.159,15.371,9.486,7.298,16,9.616,7.356
56_8,9,11,5,4.341,3.903,2,1,1.222,1.222,1.222,1.222,1.222,1.222,2.167,2.088,1.992,3.452,3.175,2.907,3.889,3.524,3.201,4.238,3.796,3.433,5,4.341,3.903
57_23,25,42,13,11.218,10.023,2,4,1.68,1.68,1.68,4.401,4.214,3.981,7.29,6.678,6.055,10.151,8.938,7.933,11.71,10.133,8.978,12.596,10.842,9.643,13,11.218,10.023
57_26,45,170,26,14.489,11.228,11,3,3.778,3.778,3.778,10.665,9.347,8.264,14.28,11.447,9.705,18.315,12.967,10.579,21.365,13.717,10.93,24.223,14.231,11.136,26.241,14.521,11.239
57_27,329,662,26,12.506,9.956,7,2,2.012,2.012,2.012,14.897,10.903,9.042,17.811,11.69,9.539,21.164,12.18,9.808,23.44,12.369,9.898,25.072,12.463,9.939,25.501,12.484,9.947
57_31,80,119,13,8.571,6.844,2,2,1.488,1.488,1.487,6.891,5.856,5.034,8.888,7.026,5.855,10.92,7.926,6.447,11.983,8.286,6.671,12.658,8.48,6.79,13.024,8.577,6.848
57_44,4,4,3,2.828,2.667,2,1,1,1,1,1,1,1,1,1,1,1,1,1,1.833,1.782,1.714,1.833,1.782,1.714,3,2.828,2.667
6_22,10,26,12,11.224,10.562,2,7,2.6,2.6,2.6,2.6,2.6,2.6,4.778,4.646,4.474,8.062,7.541,6.993,10.195,9.362,8.609,11.444,10.51,9.734,12,11.224,10.562
7_21,371,676,35,16.538,12.066,8,3,1.822,1.822,1.822,19.46,13.677,10.719,24.075,15.058,11.434,28.805,15.934,11.832,31.783,16.281,11.972,33.74,16.449,12.035,34.826,16.527,12.062
7_22,190,433,27,14.046,10.058,4,1,2.279,2.279,2.279,15.128,11.015,8.719,19.747,12.521,9.438,23.588,13.447,9.824,25.265,13.779,9.955,26.312,13.953,10.023,27.187,14.069,10.066
8_19,26,63,17,11.988,9.61,6,4,2.423,2.423,2.423,5.802,5.436,5.033,8.878,7.819,6.887,11.967,9.773,8.272,14.096,10.833,8.947,16.003,11.621,9.407,17.219,12.066,9.653
8_20,372,773,37,16.621,10.717,7,2,2.078,2.078,2.078,21.543,13.866,9.805,26.611,15.224,10.296,31.282,16.051,10.559,34.08,16.378,10.653,36.035,16.551,10.699,37.056,16.625,10.718
8_21,701,1365,42,14.72,9.214,9,2,1.947,1.947,1.947,24.693,13.09,8.821,30.351,13.914,9.038,35.314,14.389,9.147,38.845,14.6,9.191,40.956,14.686,9.207,40.956,14.686,9.207
9_18,464,1154,61,15.367,8.386,18,9,2.487,2.487,2.487,25.504,12.833,8.045,34.602,13.954,8.233,45.999,14.762,8.331,52.909,15.084,8.362,58.098,15.275,8.379,60.489,15.351,8.385
9_19,695,1905,57,15.385,9.875,14,7,2.741,2.741,2.741,28.153,13.821,9.574,36.539,14.586,9.746,45.49,15.05,9.827,50.807,15.231,9.855,55.063,15.342,9.87,57.649,15.398,9.877
9_20,97,165,14,5.368,3.734,5,0,1.701,1.701,1.701,5.822,4.175,3.403,7.817,4.655,3.573,10.463,5.053,3.674,12.108,5.225,3.709,13.217,5.317,3.726,14.051,5.371,3.735
9_21,823,1726,34,11.265,7.571,6,6,2.097,2.097,2.097,20.847,10.473,7.376,24.732,10.87,7.483,28.412,11.102,7.538,31.087,11.196,7.558,33.092,11.245,7.568,34.407,11.274,7.573